command category,command name,command setting,Command,command remarks,Command Class,Module Command Index,SubCmd,reserved,Para1[0],Para1[1],Para1[2],Para1[3],Para2[0],Para2[1],Para2[2],Para2[3],Len[0],Len[1],"Reserved, write a fixed value of 0x0000","Reserved, write a fixed value of 0x0000",CRC check result of instruction data part,CRC check result of instruction data part,Instruction data part (merged)
Shutter related,Shutter Correction,,,,0x10,0x02,0x43,0x00,0x00,0x00,0x00,0x00,0x00,0x00,0x00,0x00,0x00,0x00,0x00,0x00,0xCF,0xC8,10 02 43 00 00 00 00 00 00 00 00 00 00 00 00 00 CF C8
Shutter related,Background Correction,,,,0x01,0x10,0x52,0x00,0x00,0x00,0x00,0x00,0x00,0x00,0x00,0x00,0x00,0x00,0x00,0x00,0x24,0xFD,01 10 52 00 00 00 00 00 00 00 00 00 00 00 00 00 24 FD
Shutter related,Close the shutter,,,,0x01,0x0F,0x45,0x00,0x00,0x00,0x00,0x00,0x00,0x00,0x00,0x00,0x00,0x00,0x00,0x00,0x8D,0x5A,01 0F 45 00 00 00 00 00 00 00 00 00 00 00 00 00 8D 5A
Shutter related,Open shutter,,,,0x01,0x0F,0x45,0x00,0x01,0x00,0x00,0x00,0x00,0x00,0x00,0x00,0x00,0x00,0x00,0x00,0xF8,0x59,01 0F 45 00 01 00 00 00 00 00 00 00 00 00 00 00 F8 59
Shutter related,Auto Shutter,Settings - Off,Auto Shutter [Settings - Off], Return when getting: BE AA 02 00 0000 AD FA EB AA: Indicates off BE AA 02 00 00 01 8C EA EB AA: indicates open,0x10,0x02,0x41,0x00,0x00,0x00,0x00,0x00,0x00,0x00,0x00,0x00,0x00,0x00,0x00,0x00,0x0D,0x3E,10 02 41 00 00 00 00 00 00 00 00 00 00 00 00 00 0D 3E
Shutter related,Automatic shutter switch,Setting-On,Automatic shutter switch [Setting-On], Return when getting: BE AA 02 00 0000 AD FA EB AA: Indicates off BE AA 02 00 00 01 8C EA EB AA: indicates open,0x10,0x02,0x41,0x00,0x01,0x00,0x00,0x00,0x00,0x00,0x00,0x00,0x00,0x00,0x00,0x00,0x78,0x3D,10 02 41 00 01 00 00 00 00 00 00 00 00 00 00 00 78 3D
Shutter related,Automatic shutter switch,Get,Automatic shutter switch [Get], Return when getting: BE AA 02 00 0000 AD FA EB AA: Indicates off BE AA 02 00 00 01 8C EA EB AA: indicates open,0x10,0x02,0x81,0x00,0x00,0x00,0x00,0x00,0x00,0x00,0x00,0x00,0x01,0x00,0x00,0x00,0x78,0x34,10 02 81 00 00 00 00 00 00 00 00 00 01 00 00 00 78 34
Shutter related,Automatic shutter parameters,Setting - Temperature 10,Automatic shutter parameters [Setting - Temperature 10],"Configuration values are: Para1[2], Para1[1] 0x0a 0x00 represents 10 temperature values, approximately 10/32=0.3125 degrees",0x10,0x02,0x42,0x00,0x00,0x0A,0x00,0x00,0x00,0x00,0x00,0x00,0x00,0x00,0x00,0x00,0x93,0xb1,10 02 42 00 00 0A 00 00 00 00 00 00 00 00 00 00 93 b1
Shutter related,Automatic shutter parameters,Setting - Temperature 50,Automatic shutter parameters [Setting - Temperature 50],"Configuration values are: Para1[2], Para1[1] 0x32 0x00 means 50 temperature values, about 50/32=1.56 degrees",0x10,0x02,0x42,0x00,0x00,0x32,0x00,0x00,0x00,0x00,0x00,0x00,0x00,0x00,0x00,0x00,0x5A,0xEC,10 02 42 00 00 32 00 00 00 00 00 00 00 00 00 00 5A EC
Shutter related,Automatic shutter parameters,Setting - minimum interval time 1s,Automatic shutter parameters [Setting - minimum interval time 1s],"Configuration value: Para1[2], Para1[1] 0x01 0x00 means 1s",0x10,0x02,0x42,0x00,0x01,0x01,0x00,0x00,0x00,0x00,0x00,0x00,0x00,0x00,0x00,0x00,0x92,0x68,10 02 42 00 01 01 00 00 00 00 00 00 00 00 00 00 92 68
Shutter related,Automatic shutter parameters,Setting - Maximum interval time 120s,Automatic shutter parameters [Setting - Maximum interval time 120s],"Configuration value: Para1[2], Para1[1] 0x78 0x00 means 120s",0x10,0x02,0x42,0x00,0x02,0x78,0x00,0x00,0x00,0x00,0x00,0x00,0x00,0x00,0x00,0x00,0x58,0xac,10 02 42 00 02 78 00 00 00 00 00 00 00 00 00 00 58 ac
Shutter related,Automatic shutter parameters,Setting - Maximum interval time 360s,Automatic shutter parameters [Setting - Maximum interval time 360s],"Configuration value: Para1[2], Para1[1] 0x68 0x01 means 360s",0x10,0x02,0x42,0x00,0x02,0x68,0x01,0x00,0x00,0x00,0x00,0x00,0x00,0x00,0x00,0x00,0x20,0x96,10 02 42 00 02 68 01 00 00 00 00 00 00 00 00 00 20 96
Shutter related,Automatic shutter parameters,Get-Temperature,Automatic shutter parameters [Get-Temperature], BE AA 03 00 005A 00 70 A8 EB AA: means 0x005A=90. Approximately 90/32=2.81 degrees,0x10,0x02,0x82,0x00,0x00,0x01,0x00,0x00,0x00,0x00,0x00,0x00,0x02,0x00,0x00,0x00,0x4E,0xFA,10 02 82 00 00 01 00 00 00 00 00 00 02 00 00 00 4E FA
Shutter related,Automatic shutter parameters,Get-Minimum Interval Time,Automatic shutter parameters [Get-Minimum Interval Time],BE AA 03 00 00 05 00 F1 B6 EB AA: means 0x0005=5s,0x10,0x02,0x82,0x00,0x01,0x01,0x00,0x00,0x00,0x00,0x00,0x00,0x02,0x00,0x00,0x00,0x3B,0xF9,10 02 82 00 01 01 00 00 00 00 00 00 02 00 00 00 3B F9
Shutter related,Automatic shutter parameters,Get-Maximum Interval Time,Automatic shutter parameters [Get-Maximum Interval Time], BE AA 03 00 002C 01 AE 1A EB AA: means 0x012C=300s,0x10,0x02,0x82,0x00,0x02,0x01,0x00,0x00,0x00,0x00,0x00,0x00,0x02,0x00,0x00,0x00,0xA4,0xFC,10 02 82 00 02 01 00 00 00 00 00 00 02 00 00 00 A4 FC
Calibration related instructions,k value,Calibrate k value - collect low temperature first,k value [Calibrate k value - collect low temperature first],"Calibration step 1: Aim at a low-temperature black body, the black body temperature is 25? or below, and the picture flashes to complete",0x10,0x11,0x41,0x00,0x00,0x00,0x00,0x00,0x00,0x00,0x00,0x00,0x00,0x00,0x00,0x00,0xA2,0x93,10 11 41 00 00 00 00 00 00 00 00 00 00 00 00 00 A2 93
Calibration related instructions,k value,Calibrate k value-collect high temperature again,k value [Calibrate k value-collect high temperature again],Calibration step 2: Aim at a high-temperature black body. The black body temperature is 60°C or above. The image flashes and the calibration is complete.,0x10,0x11,0x41,0x00,0x01,0x00,0x00,0x00,0x00,0x00,0x00,0x00,0x00,0x00,0x00,0x00,0xD7,0x90,10 11 41 00 01 00 00 00 00 00 00 00 00 00 00 00 D7 90
Calibration related instructions,k value,Calibrate k value-collection and calculation,k value [Calibrate k value-collection and calculation],Calibration step 3: perform calculations and check the calibration results after completion,0x10,0x11,0x41,0x00,0x02,0x00,0x00,0x00,0x00,0x00,0x00,0x00,0x00,0x00,0x00,0x00,0x48,0x95,10 11 41 00 02 00 00 00 00 00 00 00 00 00 00 00 48 95
Calibration related instructions,k value,Save k value,k value [Save k value],"Calibration step 4: If the result is OK, save the result.",0x10,0x11,0x43,0x00,0x00,0x00,0x00,0x00,0x00,0x00,0x00,0x00,0x00,0x00,0x00,0x00,0x60,0x65,10 11 43 00 00 00 00 00 00 00 00 00 00 00 00 00 60 65
Calibration related instructions,k value,Cancel calibration results,k value [Cancel calibration results],"If the effect is not OK, cancel the calibration and restore to the state before calibration.",0x10,0x11,0x42,0x00,0x00,0x00,0x00,0x00,0x00,0x00,0x00,0x00,0x00,0x00,0x00,0x00,0x01,0x1E,10 11 42 00 00 00 00 00 00 00 00 00 00 00 00 00 01 1E
Calibration related instructions,k value,Clear k value,k value [Clear k value],Used to test the effect of no K value calibration,0x10,0x11,0x44,0x00,0x00,0x00,0x00,0x00,0x00,0x00,0x00,0x00,0x00,0x00,0x00,0x00,0x66,0x15,10 11 44 00 00 00 00 00 00 00 00 00 00 00 00 00 66 15
Calibration related instructions,k value,Restore factory K value data,k value [Restore factory K value data],"After restoring the factory data, save",0x10,0x11,0x45,0x00,0x00,0x00,0x00,0x00,0x00,0x00,0x00,0x00,0x00,0x00,0x00,0x00,0x07,0x6E,10 11 45 00 00 00 00 00 00 00 00 00 00 00 00 00 07 6E
Calibration related instructions,Blind Element,Automatic blind calibration,Blind Element [Automatic blind calibration],,0x10,0x11,0x51,0x00,0x00,0x00,0x00,0x00,0x00,0x00,0x00,0x00,0x00,0x00,0x00,0x00,0x55,0x55,10 11 51 00 00 00 00 00 00 00 00 00 00 00 00 00 55 55
Calibration related instructions,Blind Element,Cursor switch setting-enable,Blind Element [Cursor switch setting-enable],,0x10,0x11,0x57,0x00,0x01,0x00,0x00,0x00,0x00,0x00,0x00,0x00,0x00,0x00,0x00,0x00,0x47,0x5D,10 11 57 00 01 00 00 00 00 00 00 00 00 00 00 00 47 5D
Calibration related instructions,Blind Element,Cursor switch setting - ing,Blind Element [Cursor switch setting - ing],,0x10,0x11,0x57,0x00,0x00,0x00,0x00,0x00,0x00,0x00,0x00,0x00,0x00,0x00,0x00,0x00,0x32,0x5E,10 11 57 00 00 00 00 00 00 00 00 00 00 00 00 00 32 5E
Calibration related instructions,Blind Element,Cursor switch acquisition,Blind Element [Cursor switch acquisition], BE AA 02 00 0001 8C EA EB AA: Indicates enabling BE AA 02 00 0000 AD FA EB AA: Indicates ing,0x10,0x11,0x81,0x00,0x00,0x00,0x00,0x00,0x00,0x00,0x00,0x00,0x01,0x00,0x00,0x00,0xD7,0x99,10 11 81 00 00 00 00 00 00 00 00 00 01 00 00 00 D7 99
Calibration related instructions,Blind Element,"Cursor position setting - (300, 280) - Example","Blind Element [Cursor position setting - (300, 280) - Example]",Para1[1]+Para1[0]: x-axis coordinate 0x012C represents 300 Para1[3]+Para1[2]: y-axis coordinate 0x0118 represents 280,0x10,0x11,0x58,0x00,0x2C,0x01,0x18,0x01,0x00,0x00,0x00,0x00,0x00,0x00,0x00,0x00,0x34,0x50,10 11 58 00 2C 01 18 01 00 00 00 00 00 00 00 00 34 50
Calibration related instructions,Blind Element,Get cursor position,Blind Element [Get cursor position], BE AA 05 00 002C 01 18 01 42 83 EB AA,0x10,0x11,0x82,0x00,0x00,0x00,0x00,0x00,0x00,0x00,0x00,0x00,0x04,0x00,0x00,0x00,0x31,0xA8,10 11 82 00 00 00 00 00 00 00 00 00 04 00 00 00 31 A8
Calibration related instructions,Blind Element,"Set the cursor point to the blind pixel (manual calibration) - (300, 280) - Example","Blind Element [Set the cursor point to the blind pixel (manual calibration) - (300, 280) - Example]","After setting the blind pixel, it will take effect immediately, that is, the blind pixel point disappears on the screen but will not be automatically saved. After all the blind pixels are calibrated, call the save blind pixel command.",0x10,0x11,0x52,0x00,0x2C,0x01,0x18,0x01,0x00,0x00,0x00,0x00,0x00,0x00,0x00,0x00,0x9D,0x4D,10 11 52 00 2C 01 18 01 00 00 00 00 00 00 00 00 9D 4D
Calibration related instructions,Blind Element,"Set the cursor point to a non-blind element (manual calibration) - (300, 280) - Example","Blind Element [Set the cursor point to a non-blind element (manual calibration) - (300, 280) - Example]",,0x10,0x11,0x52,0x01,0x2C,0x01,0x18,0x01,0x00,0x00,0x00,0x00,0x00,0x00,0x00,0x00,0xFE,0x08,10 11 52 01 2C 01 18 01 00 00 00 00 00 00 00 00 FE 08
Calibration related instructions,Blind Element,Cancel this calibration data,Blind Element [Cancel this calibration data],,0x10,0x11,0x53,0x00,0x00,0x00,0x00,0x00,0x00,0x00,0x00,0x00,0x00,0x00,0x00,0x00,0x97,0xA3,10 11 53 00 00 00 00 00 00 00 00 00 00 00 00 00 97 A3
Calibration related instructions,Blind Element,Saving blind data,Blind Element [Saving blind data],,0x10,0x11,0x54,0x00,0x00,0x00,0x00,0x00,0x00,0x00,0x00,0x00,0x00,0x00,0x00,0x00,0x91,0xD3,10 11 54 00 00 00 00 00 00 00 00 00 00 00 00 00 91 D3
Calibration related instructions,Blind Element,Clear blind data,Blind Element [Clear blind data],,0x10,0x11,0x55,0x00,0x00,0x00,0x00,0x00,0x00,0x00,0x00,0x00,0x00,0x00,0x00,0x00,0xF0,0xA8,10 11 55 00 00 00 00 00 00 00 00 00 00 00 00 00 F0 A8
Calibration related instructions,Blind Element,Restore factory blind data,Blind Element [Restore factory blind data],,0x10,0x11,0x56,0x00,0x00,0x00,0x00,0x00,0x00,0x00,0x00,0x00,0x00,0x00,0x00,0x00,0x53,0x25,10 11 56 00 00 00 00 00 00 00 00 00 00 00 00 00 53 25
Calibration related instructions,Pot lid,Calibration lid,Pot lid [Calibration lid],Step 1: Aim at the uniform surface and issue this command. The screen will freeze and will be completed after thawing.,0x10,0x11,0x61,0x00,0x00,0x00,0x00,0x00,0x00,0x00,0x00,0x00,0x00,0x00,0x00,0x00,0x6D,0x0E,10 11 61 00 00 00 00 00 00 00 00 00 00 00 00 00 6D 0E
Calibration related instructions,Pot lid,Save the lid,Pot lid [Save the lid],"Step 2: If the result is OK, save the file.",0x10,0x11,0x63,0x00,0x00,0x00,0x00,0x00,0x00,0x00,0x00,0x00,0x00,0x00,0x00,0x00,0xAF,0xF8,10 11 63 00 00 00 00 00 00 00 00 00 00 00 00 00 AF F8
Calibration related instructions,Pot lid,Cancel calibration results,Pot lid [Cancel calibration results],"If the effect is not OK, cancel the calibration and restore to the state before calibration.",0x10,0x11,0x62,0x00,0x00,0x00,0x00,0x00,0x00,0x00,0x00,0x00,0x00,0x00,0x00,0x00,0xCE,0x83,10 11 62 00 00 00 00 00 00 00 00 00 00 00 00 00 CE 83
Calibration related instructions,Pot lid,Empty the lid,Pot lid [Empty the lid],Used to test the effect of completely no pot lid calibration,0x10,0x11,0x64,0x00,0x00,0x00,0x00,0x00,0x00,0x00,0x00,0x00,0x00,0x00,0x00,0x00,0xA9,0x88,10 11 64 00 00 00 00 00 00 00 00 00 00 00 00 00 A9 88
Calibration related instructions,Pot lid,Restore the factory data of the pot cover,Pot lid [Restore the factory data of the pot cover],"After restoring the factory data, save",0x10,0x11,0x65,0x00,0x00,0x00,0x00,0x00,0x00,0x00,0x00,0x00,0x00,0x00,0x00,0x00,0xC8,0xF3,10 11 65 00 00 00 00 00 00 00 00 00 00 00 00 00 C8 F3
System Features,Firmware Update,,Firmware Update [],"Before updating the firmware, you need to send this command to put the module into update mode.",0x01,0x01,0x42,0x00,0x00,0x00,0x00,0x00,0x00,0x00,0x00,0x00,0x00,0x00,0x00,0x00,0xA5,0xDB,01 01 42 00 00 00 00 00 00 00 00 00 00 00 00 00 A5 DB
System Features,Anti-burn protection switch,Settings - Off,Anti-burn protection switch [Settings - Off],,0x10,0x03,0x4B,0x00,0x00,0x00,0x00,0x00,0x00,0x00,0x00,0x00,0x00,0x00,0x00,0x00,0x58,0x8D,10 03 4B 00 00 00 00 00 00 00 00 00 00 00 00 00 58 8D
System Features,Anti-burn protection switch,Setting-On,Anti-burn protection switch [Setting-On],,0x10,0x03,0x4B,0x00,0x01,0x00,0x00,0x00,0x00,0x00,0x00,0x00,0x00,0x00,0x00,0x00,0x2D,0x8E,10 03 4B 00 01 00 00 00 00 00 00 00 00 00 00 00 2D 8E
System Features,Anti-burn protection switch,Get,Anti-burn protection switch [Get], BE AA 02 00 0000 AD FA EB AA: Indicates off BE AA 02 00 0001 8C EA EB AA: indicates open,0x10,0x03,0x8B,0x00,0x00,0x00,0x00,0x00,0x00,0x00,0x00,0x00,0x01,0x00,0x00,0x00,0x2D,0x87,10 03 8B 00 00 00 00 00 00 00 00 00 01 00 00 00 2D 87
System Features,Module sleep,Settings-Wake-up,Module sleep [Settings-Wake-up],,0x10,0x10,0x48,0x00,0x00,0x00,0x00,0x00,0x00,0x00,0x00,0x00,0x00,0x00,0x00,0x00,0x54,0xAD,10 10 48 00 00 00 00 00 00 00 00 00 00 00 00 00 54 AD
System Features,Module sleep,Settings - Sleep,Module sleep [Settings - Sleep],"After sleeping, the video is frozen and only responds to the wake-up command, and does not respond to other commands.",0x10,0x10,0x48,0x00,0x01,0x00,0x00,0x00,0x00,0x00,0x00,0x00,0x00,0x00,0x00,0x00,0x21,0xAE,10 10 48 00 01 00 00 00 00 00 00 00 00 00 00 00 21 AE
System Features,Module sleep,Get,Module sleep [Get], BE AA 02 00 00 00 AD FA EB AA: Indicates working status BE AA 02 00 00 018C EA EB AA: Indicates sleep state,0x10,0x10,0x88,0x00,0x00,0x00,0x00,0x00,0x00,0x00,0x00,0x00,0x01,0x00,0x00,0x00,0x21,0xA7,10 10 88 00 00 00 00 00 00 00 00 00 01 00 00 00 21 A7
System Features,Boot logo,Settings - Off,Boot logo [Settings - Off],,0x10,0x10,0x41,0x00,0x00,0x00,0x00,0x00,0x00,0x00,0x00,0x00,0x00,0x00,0x00,0x00,0x5E,0x3D,10 10 41 00 00 00 00 00 00 00 00 00 00 00 00 00 5E 3D
System Features,Boot logo,Setting-On,Boot logo [Setting-On],,0x10,0x10,0x41,0x00,0x01,0x00,0x00,0x00,0x00,0x00,0x00,0x00,0x00,0x00,0x00,0x00,0x2B,0x3E,10 10 41 00 01 00 00 00 00 00 00 00 00 00 00 00 2B 3E
System Features,Boot logo,Get,Boot logo [Get],,0x10,0x10,0x81,0x00,0x00,0x00,0x00,0x00,0x00,0x00,0x00,0x00,0x01,0x00,0x00,0x00,0x2B,0x37,10 10 81 00 00 00 00 00 00 00 00 00 01 00 00 00 2B 37
System Features,DVP/I2C Voltage Switching,Setting -1.8V,DVP/I2C Voltage Switching [Setting -1.8V],,0x10,0x10,0x47,0x00,0x00,0x00,0x00,0x00,0x00,0x00,0x00,0x00,0x00,0x00,0x00,0x00,0x39,0x36,10 10 47 00 00 00 00 00 00 00 00 00 00 00 00 00 39 36
System Features,DVP/I2C Voltage Switching,Setup - 3.3V,DVP/I2C Voltage Switching [Setup - 3.3V],,0x10,0x10,0x47,0x00,0x01,0x00,0x00,0x00,0x00,0x00,0x00,0x00,0x00,0x00,0x00,0x00,0x4C,0x35,10 10 47 00 01 00 00 00 00 00 00 00 00 00 00 00 4C 35
System Features,DVP/I2C Voltage Switching,Get,DVP/I2C Voltage Switching [Get],,0x10,0x10,0x87,0x00,0x00,0x00,0x00,0x00,0x00,0x00,0x00,0x00,0x01,0x00,0x00,0x00,0x4C,0x3C,10 10 87 00 00 00 00 00 00 00 00 00 01 00 00 00 4C 3C
System Features,Parameter save-restore,Parameter preservation,Parameter save-restore [Parameter preservation],,0x10,0x10,0x51,0x00,0x00,0x00,0x00,0x00,0x00,0x00,0x00,0x00,0x00,0x00,0x00,0x00,0xA9,0xFB,10 10 51 00 00 00 00 00 00 00 00 00 00 00 00 00 A9 FB
System Features,Parameter save-restore,Parameter recovery,Parameter save-restore [Parameter recovery],,0x10,0x10,0x52,0x00,0x00,0x00,0x00,0x00,0x00,0x00,0x00,0x00,0x00,0x00,0x00,0x00,0x0A,0x76,10 10 52 00 00 00 00 00 00 00 00 00 00 00 00 00 0A 76
Get device information,Get module information,Device Name,Get module information [Device Name]," Receipt: BE AA 21 00 0043 61 6D 65 72 61 20 4D 49 4E 49 32 33 38 34 00 00 00 00 00 00 00 00 00 00 00 00 00 00 00 00 00 00 16 1A EB AA Device name: Camera MINI2384, the device name of mini2 series is 15 valid bytes",0x01,0x01,0x81,0x00,0x01,0x00,0x00,0x00,0x00,0x00,0x00,0x00,0x20,0x00,0x00,0x00,0xFC,0x1E,01 01 81 00 01 00 00 00 00 00 00 00 20 00 00 00 FC 1E
Get device information,Get module information,Firmware version,Get module information [Firmware version], Receipt: BE AA 0C 00 0030 30 2E 30 30 2E 30 31 2E 31 31 0A FE EB AA FW version:00.00.01.11,0x01,0x01,0x81,0x00,0x02,0x00,0x00,0x00,0x00,0x00,0x00,0x00,0x0B,0x00,0x00,0x00,0x32,0x32,01 01 81 00 02 00 00 00 00 00 00 00 0B 00 00 00 32 32
Get device information,Get module information,VID,Get module information [VID], Receipt: BE AA 03 00 0074 34 4E FB EB AA vid: 0x3474,0x01,0x01,0x81,0x00,0x04,0x00,0x00,0x00,0x00,0x00,0x00,0x00,0X02,0x00,0x00,0x00,0x7B,0xCA,01 01 81 00 04 00 00 00 00 00 00 00 02 00 00 00 7B CA
Get device information,Get module information,PID,Get module information [PID], Receipt: BE AA 03 00 0020 00 E2 4F EB AA pid?0x0020,0x01,0x01,0x81,0x00,0x05,0x00,0x00,0x00,0x00,0x00,0x00,0x00,0X02,0x00,0x00,0x00,0x0E,0xC9,01 01 81 00 05 00 00 00 00 00 00 00 02 00 00 00 0E C9
Get device information,Get module information,PN,Get module information [PN],Receipt: BE AA 21 00 00 4D 49 4E 49 32 33 38 34 78 78 78 78 78 78 78 78 78 78 78 78 78 78 78 78 78 78 78 78 78 78 78 78 30 68 EB AA pn: MINI2384xxxxxxxxxxxxxxxxxxxxxxxx,0x01,0x01,0x81,0x00,0x06,0x00,0x00,0x00,0x00,0x00,0x00,0x00,0x20,0x00,0x00,0x00,0xB7,0x16,01 01 81 00 06 00 00 00 00 00 00 00 20 00 00 00 B7 16
Get device information,Get module information,SN,Get module information [SN], Receipt: BE AA 21 00 006D 69 6E 69 32 33 38 34 78 78 78 78 78 78 78 78 78 78 78 78 78 78 78 78 78 78 78 78 78 78 78 7855 EA EB AA sn: mini2384xxxxxxxxxxxxxxxxxxxxxxxx,0x01,0x01,0x81,0x00,0x07,0x00,0x00,0x00,0x00,0x00,0x00,0x00,0x20,0x00,0x00,0x00,0xC2,0x15,01 01 81 00 07 00 00 00 00 00 00 00 20 00 00 00 C2 15
Get device information,Get module temperature,,Get module temperature []," BE AA 03 00 00 0C3D 7A EB AA: means 0x0CAA=3242, i.e. 32.42 degrees Note that this temperature is for reference only and the accuracy error may be more than ±10 degrees Celsius",0x10,0x10,0x91,0x00,0x00,0x00,0x00,0x00,0x00,0x00,0x00,0x00,0X02,0x00,0x00,0x00,0x00,0x6A,10 10 91 00 00 00 00 00 00 00 00 00 02 00 00 00 00 6A
Get device information,Get the coordinates of the highest temperature point in the area of interest,,Get the coordinates of the highest temperature point in the area of interest [],"Example: Select the range (0, 0) to (383, 287): 0x011f = 287; 0x017f = 383 1. When setting the coordinates, pay attention to the upper left (x1, y1) first and then the lower right (x2, y2). That is, x1< x2, y1<y2 2. When getting: min value, average value, max value, min x, min y, max x, max y. All are uint16 type",0x10,0x10,0x92,0x00,0x00,0x00,0x00,0x00,0x7f,0x01,0x1f,0x01,0X0e,0x00,0x00,0x00,0xe8,0x0c,10 10 92 00 00 00 00 00 7f 01 1f 01 0e 00 00 00 e8 0c
Get device information,Get the coordinates of the highest temperature point in the area of interest,,Get the coordinates of the highest temperature point in the area of interest [],"Example: Select the range (50, 50) to (333, 237): 0x0032=50; 0x014d=333; 0x00ed=237 Receipt: BE AA 0F 00 00D4 1F AE 6F E0 79 4C 00 D2 00 39 00 33 00 D3 F0 EB AA 0x1FD4 is the minimum value, 0x6FAE is the average value, and 0x79E0 is the maximum value. 0x004c, 0x00D2 are the minimum value coordinates, that is, (76, 210), 0x0039 and 0x0033 are the maximum value coordinates, that is, (51, 57)",0x10,0x10,0x92,0x00,0x32,0x00,0x32,0x00,0x4d,0x01,0xed,0x00,0X0e,0x00,0x00,0x00,0x34,0x59,10 10 92 00 32 00 32 00 4d 01 ed 00 0e 00 00 00 34 59
Get device information,Get the power-on time,,Get the power-on time [], BE AA 05 00 00D7 01 00 00 EB 98 EB AA: means 0x000001D7=471s,0x10,0x10,0x93,0x00,0x00,0x00,0x00,0x00,0x00,0x00,0x00,0x00,0X04,0x00,0x00,0x00,0x5B,0xBB,10 10 93 00 00 00 00 00 00 00 00 00 04 00 00 00 5B BB
Video output related,Digital video formats,Settings - USB - Progressive - 30hz,Digital video formats [Settings - USB - Progressive - 30hz],"Para1[0]: 0x01, indicating digital output is enabled; Para1[1]: 0x00, indicating USB line-by-line output; Para1[2]: 0x1e, indicating 30 Hz output. The array size is consistent with the detector output. Note that the maximum frame rate of mini2 640 in USB output mode is 30 Hz.",0x10,0x10,0x46,0x00,0x01,0x00,0x1E,0x00,0x00,0x00,0x00,0x00,0x00,0x00,0x00,0x00,0x4f,0xe3,10 10 46 00 01 00 1E 00 00 00 00 00 00 00 00 00 4f e3
Video output related,Digital video formats,Settings - USB - Progressive - 60hz,Digital video formats [Settings - USB - Progressive - 60hz],"Para1[0]: 0x01, indicating digital output is turned on; Para1[1]: 0x00, indicating USB line-by-line output; Para1[2]: 0x3c, indicating 60 Hz output. The array size is consistent with the detector output. Note that mini2 640 will return an error if this command is set",0x10,0x10,0x46,0x00,0x01,0x00,0x3C,0x00,0x00,0x00,0x00,0x00,0x00,0x00,0x00,0x00,0xc8,0x04,10 10 46 00 01 00 3C 00 00 00 00 00 00 00 00 00 c8 04
Video output related,Digital video formats,settings-dvp-progressive-30hz,Digital video formats [settings-dvp-progressive-30hz],"Para1[0]: 0x01, indicating digital output is turned on; Para1[1]: 0x01, indicating DVP line-by-line output; Para1[2]: 0x1e, indicating 30 Hz output; the array size is consistent with the detector output",0x10,0x10,0x46,0x00,0x01,0x01,0x1E,0x00,0x00,0x00,0x00,0x00,0x00,0x00,0x00,0x00,0x06,0x3b,10 10 46 00 01 01 1E 00 00 00 00 00 00 00 00 00 06 3b
Video output related,Digital video formats,settings-dvp-progressive-60hz,Digital video formats [settings-dvp-progressive-60hz],"Para1[0]: 0x01, indicating digital output is turned on; Para1[1]: 0x01, indicating DVP line-by-line output; Para1[2]: 0x3c, indicating 60 Hz output; the array size is consistent with the detector output",0x10,0x10,0x46,0x00,0x01,0x01,0x3C,0x00,0x00,0x00,0x00,0x00,0x00,0x00,0x00,0x00,0x81,0xdc,10 10 46 00 01 01 3C 00 00 00 00 00 00 00 00 00 81 dc
Video output related,Digital video formats,settings -bt656 -progressive -30hz,Digital video formats [settings -bt656 -progressive -30hz],"Para1[0]: 0x01, indicating digital output is turned on, Para1[1]: 0x02, indicating bt656 line-by-line output, Para1[2]: 0x1e, indicating 30hz output, the array size is consistent with the detector output",0x10,0x10,0x46,0x00,0x01,0x02,0x1E,0x00,0x00,0x00,0x00,0x00,0x00,0x00,0x00,0x00,0xfc,0x43,10 10 46 00 01 02 1E 00 00 00 00 00 00 00 00 00 fc 43
Video output related,Digital video formats,settings -bt656-progressive-60hz,Digital video formats [settings -bt656-progressive-60hz],"Para1[0]: 0x01, indicating digital output is turned on, Para1[1]: 0x02, indicating bt656 line-by-line output, Para1[2]: 0x3c, indicating 60hz output, the array size is consistent with the detector output",0x10,0x10,0x46,0x00,0x01,0x02,0x3C,0x00,0x00,0x00,0x00,0x00,0x00,0x00,0x00,0x00,0x7b,0xa4,10 10 46 00 01 02 3C 00 00 00 00 00 00 00 00 00 7b a4
Video output related,Digital video formats,settings -bt656 -interlaced -25hz,Digital video formats [settings -bt656 -interlaced -25hz],"Para1[0]: 0x01, indicating digital output is enabled, Para1[1]: 0x12, indicating bt656 interlaced output, Para1[2]: 0x00, invalid, the array size is fixed720*576, the frame rate is fixed at 25hz, which is the standard BT656 interlaced timing",0x10,0x10,0x46,0x00,0x01,0x12,0x00,0x00,0x00,0x00,0x00,0x00,0x00,0x00,0x00,0x00,0xa3,0xbb,10 10 46 00 01 12 00 00 00 00 00 00 00 00 00 00 a3 bb
Video output related,Digital video formats,settings-mipi-progressive-30hz,Digital video formats [settings-mipi-progressive-30hz],"Para1[0]: 0x01, indicating digital output is turned on, Para1[1]: 0x03, indicating mipi line-by-line output, Para1[2]: 0x1e, indicating 30 Hz output, the array size is consistent with the detector output",0x10,0x10,0x46,0x00,0x01,0x03,0x1E,0x00,0x00,0x00,0x00,0x00,0x00,0x00,0x00,0x00,0xb5,0x9b,10 10 46 00 01 03 1E 00 00 00 00 00 00 00 00 00 b5 9b
Video output related,Digital video formats,settings-mipi-progressive-60hz,Digital video formats [settings-mipi-progressive-60hz],"Para1[0]: 0x01, indicating digital output is enabled; Para1[1]: 0x03, indicating mipi line-by-line output; Para1[2]: 0x3c, indicating 60 Hz output; the array size is consistent with the detector output",0x10,0x10,0x46,0x00,0x01,0x03,0x3C,0x00,0x00,0x00,0x00,0x00,0x00,0x00,0x00,0x00,0x32,0x7c,10 10 46 00 01 03 3C 00 00 00 00 00 00 00 00 00 32 7c
Video output related,Digital video formats,Settings - USB - Progressive - 25hz (for mini2 256),Digital video formats [Settings - USB - Progressive - 25hz (for mini2 256)]," Para1[0]: 0x01, indicating digital output is turned on, Para1[1]: 0x00, indicating USB line-by-line output, Para1[2]: 0x19, indicating 25 Hz output, the array size is consistent with the detector output",0x10,0x10,0x46,0x00,0x01,0x00,0x19,0x00,0x00,0x00,0x00,0x00,0x00,0x00,0x00,0x00,0xb5,0xff,10 10 46 00 01 00 19 00 00 00 00 00 00 00 00 00 b5 ff
Video output related,Digital video formats,Settings - USB - Progressive - 50hz (for mini2 256),Digital video formats [Settings - USB - Progressive - 50hz (for mini2 256)],"Para1[0]: 0x01, indicating digital output is turned on, Para1[1]: 0x00, indicating USB line-by-line output, Para1[2]: 0x32, indicating 50 Hz output, the array size is consistent with the detector output",0x10,0x10,0x46,0x00,0x01,0x00,0x32,0x00,0x00,0x00,0x00,0x00,0x00,0x00,0x00,0x00,0x3c,0x3d,10 10 46 00 01 00 32 00 00 00 00 00 00 00 00 00 3c 3d
Video output related,Digital video formats,Setting -dvp-progressive-25hz (for mini2 256),Digital video formats [Setting -dvp-progressive-25hz (for mini2 256)],"Para1[0]: 0x01, indicating digital output is turned on; Para1[1]: 0x01, indicating DVP line-by-line output; Para1[2]: 0x19, indicating 25 Hz output; the array size is consistent with the detector output",0x10,0x10,0x46,0x00,0x01,0x01,0x19,0x00,0x00,0x00,0x00,0x00,0x00,0x00,0x00,0x00,0xfc,0x27,10 10 46 00 01 01 19 00 00 00 00 00 00 00 00 00 fc 27
Video output related,Digital video formats,Setting -dvp-progressive-50hz (for mini2 256),Digital video formats [Setting -dvp-progressive-50hz (for mini2 256)],"Para1[0]: 0x01, indicating digital output is turned on; Para1[1]: 0x01, indicating DVP line-by-line output; Para1[2]: 0x32, indicating 50 Hz output; the array size is consistent with the detector output",0x10,0x10,0x46,0x00,0x01,0x01,0x32,0x00,0x00,0x00,0x00,0x00,0x00,0x00,0x00,0x00,0x75,0xe5,10 10 46 00 01 01 32 00 00 00 00 00 00 00 00 00 75 e5
Video output related,Digital video formats,Setting-bt656-progressive-25hz (for mini2 256),Digital video formats [Setting-bt656-progressive-25hz (for mini2 256)],"Para1[0]: 0x01, indicating digital output is turned on, Para1[1]: 0x02, indicating bt656 line-by-line output, Para1[2]: 0x19, indicating 25hz output, the array size is consistent with the detector output",0x10,0x10,0x46,0x00,0x01,0x02,0x19,0x00,0x00,0x00,0x00,0x00,0x00,0x00,0x00,0x00,0x06,0x5f,10 10 46 00 01 02 19 00 00 00 00 00 00 00 00 00 06 5f
Video output related,Digital video formats,Setting-bt656-progressive-50hz (for mini2 256),Digital video formats [Setting-bt656-progressive-50hz (for mini2 256)],"Para1[0]: 0x01, indicating digital output is turned on, Para1[1]: 0x02, indicating bt656 line-by-line output, Para1[2]: 0x32, indicating 50hz output, the array size is consistent with the detector output",0x10,0x10,0x46,0x00,0x01,0x02,0x32,0x00,0x00,0x00,0x00,0x00,0x00,0x00,0x00,0x00,0x8f,0x9d,10 10 46 00 01 02 32 00 00 00 00 00 00 00 00 00 8f 9d
Video output related,Digital video formats,Setting-mipi-progressive-25hz (for mini2 256),Digital video formats [Setting-mipi-progressive-25hz (for mini2 256)],"Para1[0]: 0x01, indicating digital output is turned on, Para1[1]: 0x03, indicating mipi line-by-line output, Para1[2]: 0x19, indicating 25 Hz output, the array size is consistent with the detector output",0x10,0x10,0x46,0x00,0x01,0x03,0x19,0x00,0x00,0x00,0x00,0x00,0x00,0x00,0x00,0x00,0x4f,0x87,10 10 46 00 01 03 19 00 00 00 00 00 00 00 00 00 4f 87
Video output related,Digital video formats,Setting-mipi-progressive-50hz (for mini2 256),Digital video formats [Setting-mipi-progressive-50hz (for mini2 256)],"Para1[0]: 0x01, indicating digital output is turned on, Para1[1]: 0x03, indicating mipi line-by-line output, Para1[2]: 0x32, indicating 50 Hz output, the array size is consistent with the detector output",0x10,0x10,0x46,0x00,0x01,0x03,0x32,0x00,0x00,0x00,0x00,0x00,0x00,0x00,0x00,0x00,0xc6,0x45,10 10 46 00 01 03 32 00 00 00 00 00 00 00 00 00 c6 45
Video output related,Digital video formats,Setting - Turning off digital output,Digital video formats [Setting - Turning off digital output],"Para1[0]: 0x00, indicating that the digital output is turned off",0x10,0x10,0x46,0x00,0x00,0x00,0x00,0x00,0x00,0x00,0x00,0x00,0x00,0x00,0x00,0x00,0x58,0x4d,10 10 46 00 00 00 00 00 00 00 00 00 00 00 00 00 58 4d
Video output related,Digital video formats,Get,Digital video formats [Get]," BE AA 05 00 0000 00 00 00 f5 56 EB AA: 00 means digital output is off BE AA 05 00 00 01 00 1e00 3d 00 EB AA: 01 means digital output is on, 00 means USB output, 1e means the output frame rate is 30hz BE AA 05 00 00 01 00 3C 00 B9 60 EB AA: 01 means digital output is on, 00 means USB output, 3c means the output frame rate is 60hz BE AA 05 00 0001 01 1e 00 0d 37 EB AA: 01 means digital output is on, 01 means DVP output, 1e means the output frame rate is 30hz",0x10,0x10,0x86,0x00,0x00,0x00,0x00,0x00,0x00,0x00,0x00,0x00,0X04,0x00,0x00,0x00,0x68,0xfb,10 10 86 00 00 00 00 00 00 00 00 00 04 00 00 00 68 fb
Video output related,Analog video formats,Settings - Enable ntsc,Analog video formats [Settings - Enable ntsc],"To switch from PAL to NTSC, you must first send the command to turn off simulation, and then send this command",0x10,0x10,0x4A,0x00,0x01,0x00,0x00,0x00,0x00,0x00,0x00,0x00,0x00,0x00,0x00,0x00,0xe3,0x58,10 10 4A 00 01 00 00 00 00 00 00 00 00 00 00 00 e3 58
Video output related,Analog video formats,Settings - Enable PAL,Analog video formats [Settings - Enable PAL],"To switch from NTSC to PAL, you must first send the command to turn off simulation, and then send this command",0x10,0x10,0x4A,0x00,0x01,0x01,0x00,0x00,0x00,0x00,0x00,0x00,0x00,0x00,0x00,0x00,0xaa,0x80,10 10 4A 00 01 01 00 00 00 00 00 00 00 00 00 00 aa 80
Video output related,Analog video formats,Settings - Disable Simulation,Analog video formats [Settings - Disable Simulation],,0x10,0x10,0x4A,0x00,0x00,0x00,0x00,0x00,0x00,0x00,0x00,0x00,0x00,0x00,0x00,0x00,0x96,0x5b,10 10 4A 00 00 00 00 00 00 00 00 00 00 00 00 00 96 5b
Video output related,Analog video formats,Get,Analog video formats [Get],"BE AA 03 00 00 00 00 04 49 EB AA: Analog off BE AA 03 00 0001 00 35 7a EB AA: The first 01 means on, 00 means ntsc BE AA 03 00 0001 01 14 6a EB AA: The first 01 means open, 01 means pal",0x10,0x10,0x8A,0x00,0x00,0x00,0x00,0x00,0x00,0x00,0x00,0x00,0x02,0x00,0x00,0x00,0x3f,0xca,10 10 8A 00 00 00 00 00 00 00 00 00 02 00 00 00 3f ca
Video output related,Save digital-analog output format,set up,Save digital-analog output format [set up],"Send this command to save both the digital video output format and the analog video output format. This state cannot be reset by the ""parameter restore"" command after being saved, and can only be overwritten by the next save.",0x10,0x10,0x49,0x00,0x00,0x00,0x00,0x00,0x00,0x00,0x00,0x00,0x00,0x00,0x00,0x00,0x35,0xD6,10 10 49 00 00 00 00 00 00 00 00 00 00 00 00 00 35 D6
Video output related,Detector frame rate,Setting -30hz,Detector frame rate [Setting -30hz],"mini2 384/640 can be set, the detector output is cut to 30hz",0x10,0x10,0x44,0x00,0x1E,0x00,0x00,0x00,0x00,0x00,0x00,0x00,0x00,0x00,0x00,0x00,0x5C,0x9C,10 10 44 00 1E 00 00 00 00 00 00 00 00 00 00 00 5C 9C
Video output related,Detector frame rate,Setting -60hz,Detector frame rate [Setting -60hz],"mini2 384/640 can be set, the detector output is cut to 60hz",0x10,0x10,0x44,0x00,0x3C,0x00,0x00,0x00,0x00,0x00,0x00,0x00,0x00,0x00,0x00,0x00,0x16,0xF4,10 10 44 00 3C 00 00 00 00 00 00 00 00 00 00 00 16 F4
Video output related,Detector frame rate,Setting -25Hz,Detector frame rate [Setting -25Hz],"Mini2 256 can be set, the detector output is cut to 25hz",0x10,0x10,0x44,0x00,0x19,0x00,0x00,0x00,0x00,0x00,0x00,0x00,0x00,0x00,0x00,0x00,0x17,0x94,10 10 44 00 19 00 00 00 00 00 00 00 00 00 00 00 17 94
Video output related,Detector frame rate,Setting -50hz,Detector frame rate [Setting -50hz],"Mini2 256 can be set, the detector output is cut to 50hz",0x10,0x10,0x44,0x00,0x32,0x00,0x00,0x00,0x00,0x00,0x00,0x00,0x00,0x00,0x00,0x00,0x80,0xE4,10 10 44 00 32 00 00 00 00 00 00 00 00 00 00 00 80 E4
Video output related,Detector frame rate,Get,Detector frame rate [Get], BE AA 02 00 001E 52 09 EB AA ?0x1E means 30hz BE AA 02 00 003C 72 0D EB AA: 0x3C means 60hz,0x10,0x10,0x84,0x00,0x00,0x00,0x00,0x00,0x00,0x00,0x00,0x00,0x01,0x00,0x00,0x00,0xEF,0xB1,10 10 84 00 00 00 00 00 00 00 00 00 01 00 00 00 EF B1
Video output related,Image data source,Setup - IR,Image data source [Setup - IR],Detector raw data output,0x10,0x10,0x45,0x00,0x00,0x00,0x00,0x00,0x00,0x00,0x00,0x00,0x00,0x00,0x00,0x00,0xFB,0xC0,10 10 45 00 00 00 00 00 00 00 00 00 00 00 00 00 FB C0
Video output related,Image data source,Settings - KBC,Image data source [Settings - KBC],Data output after KB correction,0x10,0x10,0x45,0x00,0x01,0x00,0x00,0x00,0x00,0x00,0x00,0x00,0x00,0x00,0x00,0x00,0x8E,0xC3,10 10 45 00 01 00 00 00 00 00 00 00 00 00 00 00 8E C3
Video output related,Image data source,Setting - TNR,Image data source [Setting - TNR],Data output after removing time domain noise,0x10,0x10,0x45,0x00,0x02,0x00,0x00,0x00,0x00,0x00,0x00,0x00,0x00,0x00,0x00,0x00,0x11,0xC6,10 10 45 00 02 00 00 00 00 00 00 00 00 00 00 00 11 C6
Video output related,Image data source,Setting - SNR,Image data source [Setting - SNR],Data output after spatial noise removal,0x10,0x10,0x45,0x00,0x03,0x00,0x00,0x00,0x00,0x00,0x00,0x00,0x00,0x00,0x00,0x00,0x64,0xC5,10 10 45 00 03 00 00 00 00 00 00 00 00 00 00 00 64 C5
Video output related,Image data source,Setup - DDE,Image data source [Setup - DDE],Data output after image stretching and detail enhancement,0x10,0x10,0x45,0x00,0x04,0x00,0x00,0x00,0x00,0x00,0x00,0x00,0x00,0x00,0x00,0x00,0x2F,0xCD,10 10 45 00 04 00 00 00 00 00 00 00 00 00 00 00 2F CD
Video output related,Image data source,Settings - YUV,Image data source [Settings - YUV],Default final output,0x10,0x10,0x45,0x00,0x05,0x00,0x00,0x00,0x00,0x00,0x00,0x00,0x00,0x00,0x00,0x00,0x5A,0xCE,10 10 45 00 05 00 00 00 00 00 00 00 00 00 00 00 5A CE
Video output related,Image data source,Get,Image data source [Get],BE AA 02 00 00 00 AD FA EB AA : Indicates IR output BE AA 02 00 00 01 8C EA EB AA : Indicates KBC output BE AA 02 00 00 02 EF DA EB AA : Indicates TNR output BE AA 02 00 00 03 CE CA EB AA : Indicates SNR output BE AA 02 00 00 04 29 BA EB AA : Indicates DDE output BE AA 02 00 00 05 08 AA EB AA : Indicates YUV output,0x10,0x10,0x85,0x00,0x00,0x00,0x00,0x00,0x00,0x00,0x00,0x00,0x01,0x00,0x00,0x00,0x8E,0xCA,10 10 85 00 00 00 00 00 00 00 00 00 01 00 00 00 8E CA
Video output related,YUV format,Set-uyvy,YUV format [Set-uyvy],,0x10,0x03,0x4D,0x00,0x00,0x00,0x00,0x00,0x00,0x00,0x00,0x00,0x00,0x00,0x00,0x00,0x3F,0x86,10 03 4D 00 00 00 00 00 00 00 00 00 00 00 00 00 3F 86
Video output related,YUV format,Setting-vyuy,YUV format [Setting-vyuy],,0x10,0x03,0x4D,0x01,0x00,0x00,0x00,0x00,0x00,0x00,0x00,0x00,0x00,0x00,0x00,0x00,0x5C,0xC3,10 03 4D 01 00 00 00 00 00 00 00 00 00 00 00 00 5C C3
Video output related,YUV format,Setting-yuyv,YUV format [Setting-yuyv],,0x10,0x03,0x4D,0x02,0x00,0x00,0x00,0x00,0x00,0x00,0x00,0x00,0x00,0x00,0x00,0x00,0xF9,0x0C,10 03 4D 02 00 00 00 00 00 00 00 00 00 00 00 00 F9 0C
Video output related,YUV format,Setting -yvyu,YUV format [Setting -yvyu],,0x10,0x03,0x4D,0x03,0x00,0x00,0x00,0x00,0x00,0x00,0x00,0x00,0x00,0x00,0x00,0x00,0x9A,0x49,10 03 4D 03 00 00 00 00 00 00 00 00 00 00 00 00 9A 49
Video output related,YUV format,Get,YUV format [Get],,0x10,0x03,0x8C,0x00,0x00,0x00,0x00,0x00,0x00,0x00,0x00,0x00,0x01,0x00,0x00,0x00,0x2B,0xF7,10 03 8C 00 00 00 00 00 00 00 00 00 01 00 00 00 2B F7
Video output related,Screen freezes,Set-disable,Screen freezes [Set-disable],"Note: When the image is frozen, it will not respond to electronic zoom, mirror reversal, or scene switching commands.",0x10,0x10,0x42,0x00,0x00,0x00,0x00,0x00,0x00,0x00,0x00,0x00,0x00,0x00,0x00,0x00,0xFD,0xB0,10 10 42 00 00 00 00 00 00 00 00 00 00 00 00 00 FD B0
Video output related,Screen freezes,Set-enable,Screen freezes [Set-enable],,0x10,0x10,0x42,0x00,0x01,0x00,0x00,0x00,0x00,0x00,0x00,0x00,0x00,0x00,0x00,0x00,0x88,0xB3,10 10 42 00 01 00 00 00 00 00 00 00 00 00 00 00 88 B3
Video output related,Screen freezes,Get,Screen freezes [Get],BE AA 02 00 00 00 AD FA EB AA: indicates non-freezing state BE AA 02 00 00 01 8C EA EB AA: indicates freezing state,0x10,0x10,0x82,0x00,0x00,0x00,0x00,0x00,0x00,0x00,0x00,0x00,0x01,0x00,0x00,0x00,0x88,0xBA,10 10 82 00 00 00 00 00 00 00 00 00 01 00 00 00 88 BA
Video output related,Mirror flip,Settings - No Flip,Mirror flip [Settings - No Flip],"Note: This function conflicts with the electronic zoom function, that is: The electronic zoom state cannot be flipped. The electronic zoom state cannot be flipped.",0x10,0x10,0x43,0x00,0x00,0x00,0x00,0x00,0x00,0x00,0x00,0x00,0x00,0x00,0x00,0x00,0x9C,0xCB,10 10 43 00 00 00 00 00 00 00 00 00 00 00 00 00 9C CB
Video output related,Mirror flip,Settings - Flip left and right,Mirror flip [Settings - Flip left and right],"Note: This function conflicts with the electronic zoom function, that is: The electronic zoom state cannot be flipped. The electronic zoom state cannot be flipped.",0x10,0x10,0x43,0x00,0x01,0x00,0x00,0x00,0x00,0x00,0x00,0x00,0x00,0x00,0x00,0x00,0xE9,0xC8,10 10 43 00 01 00 00 00 00 00 00 00 00 00 00 00 E9 C8
Video output related,Mirror flip,Settings - Flip upside down,Mirror flip [Settings - Flip upside down],"Note: This function conflicts with the electronic zoom function, that is: The electronic zoom state cannot be flipped. The electronic zoom state cannot be flipped.",0x10,0x10,0x43,0x00,0x02,0x00,0x00,0x00,0x00,0x00,0x00,0x00,0x00,0x00,0x00,0x00,0x76,0xCD,10 10 43 00 02 00 00 00 00 00 00 00 00 00 00 00 76 CD
Video output related,Mirror flip,Settings - Left and Right + Up and Down,Mirror flip [Settings - Left and Right + Up and Down],"Note: This function conflicts with the electronic zoom function, that is: The electronic zoom state cannot be flipped. The electronic zoom state cannot be flipped.",0x10,0x10,0x43,0x00,0x03,0x00,0x00,0x00,0x00,0x00,0x00,0x00,0x00,0x00,0x00,0x00,0x03,0xCE,10 10 43 00 03 00 00 00 00 00 00 00 00 00 00 00 03 CE
Video output related,Mirror flip,Get,Mirror flip [Get],BE AA 02 00 00 00 AD FA EB AA: No flip BE AA 02 00 00 01 8C EA EB AA: Left-right flip BE AA 02 00 00 02 EF DA EB AA: Up-down flip BE AA 02 00 00 03 CE CA EB AA: Left-right + up-down flip,0x10,0x10,0x83,0x00,0x00,0x00,0x00,0x00,0x00,0x00,0x00,0x00,0x01,0x00,0x00,0x00,0xE9,0xC1,10 10 83 00 00 00 00 00 00 00 00 00 01 00 00 00 E9 C1
Video output related,External synchronization mode,Setting-On,External synchronization mode [Setting-On],"Note: Only MIPI and DVP outputs support external synchronization mode. In external synchronization mode, electronic zoom and mirror flip are not supported.",0x10,0x10,0x4B,0x00,0x01,0x00,0x00,0x00,0x00,0x00,0x00,0x00,0x00,0x00,0x00,0x00,0x82,0x23,10 10 4B 00 01 00 00 00 00 00 00 00 00 00 00 00 82 23
Video output related,External synchronization mode,Settings - Off,External synchronization mode [Settings - Off],,0x10,0x10,0x4B,0x00,0x00,0x00,0x00,0x00,0x00,0x00,0x00,0x00,0x00,0x00,0x00,0x00,0xF7,0x20,10 10 4B 00 00 00 00 00 00 00 00 00 00 00 00 00 F7 20
Video output related,External synchronization mode,Get,External synchronization mode [Get],,0x10,0x10,0x8B,0x00,0x00,0x00,0x00,0x00,0x00,0x00,0x00,0x00,0x01,0x00,0x00,0x00,0x82,0x2A,10 10 8B 00 00 00 00 00 00 00 00 00 01 00 00 00 82 2A
Video output related,Electronic zoom-center,Setting -1x,Electronic zoom-center [Setting -1x],"Para1[1]: magnification, 0x0A=10, which means 1.0 times magnification, the highest is X8.0",0x01,0x31,0x42,0x00,0x00,0x0A,0x00,0x00,0x00,0x00,0x00,0x00,0x00,0x00,0x00,0x00,0x06,0x0A,01 31 42 00 00 0A 00 00 00 00 00 00 00 00 00 00 06 0A
Video output related,Electronic zoom-center,Setting -2x,Electronic zoom-center [Setting -2x],"Para1[1]: magnification, 0x0A=10, which means 1.0 times magnification, the highest is X8.0",0x01,0x31,0x42,0x00,0x00,0x14,0x00,0x00,0x00,0x00,0x00,0x00,0x00,0x00,0x00,0x00,0x41,0x0C,01 31 42 00 00 14 00 00 00 00 00 00 00 00 00 00 41 0C
Video output related,Electronic zoom-center,Setting - 3x,Electronic zoom-center [Setting - 3x],"Para1[1]: magnification, 0x0A=10, which means 1.0 times magnification, the highest is X8.0",0x01,0x31,0x42,0x00,0x00,0x1E,0x00,0x00,0x00,0x00,0x00,0x00,0x00,0x00,0x00,0x00,0x7C,0x0E,01 31 42 00 00 1E 00 00 00 00 00 00 00 00 00 00 7C 0E
Video output related,Electronic zoom-center,Setting - 4x,Electronic zoom-center [Setting - 4x],"Para1[1]: magnification, 0x0A=10, which means 1.0 times magnification, the highest is X8.0",0x01,0x31,0x42,0x00,0x00,0x28,0x00,0x00,0x00,0x00,0x00,0x00,0x00,0x00,0x00,0x00,0xCF,0x00,01 31 42 00 00 28 00 00 00 00 00 00 00 00 00 00 CF 00
Video output related,Electronic zoom-center,Setting -8x,Electronic zoom-center [Setting -8x],"Para1[1]: magnification, 0x0A=10, which means 1.0 times magnification, the highest is X8.0",0x01,0x31,0x42,0x00,0x00,0x50,0x00,0x00,0x00,0x00,0x00,0x00,0x00,0x00,0x00,0x00,0xD3,0x19,01 31 42 00 00 50 00 00 00 00 00 00 00 00 00 00 D3 19
Video output related,Electronic zoom-center,Get,Electronic zoom-center [Get]," BE AA 02 00 00 5058 A0 EB AA: means 0x50=80, which is 8.0 times. Note that this command is only used to obtain the center magnification information and has nothing to do with the coordinate magnification.",0x01,0x31,0x82,0x00,0x00,0x00,0x00,0x00,0x00,0x00,0x00,0x00,0x01,0x00,0x00,0x00,0x4E,0x02,01 31 82 00 00 00 00 00 00 00 00 00 01 00 00 00 4E 02
Video output related,Electronic zoom-coordinates,"Setting -(300,100), 2.1 times","Electronic zoom-coordinates [Setting -(300,100), 2.1 times]",Zoom with the specified point as the center Para2[1]+Para2[0]: x-axis coordinate Para2[3]+Para2[2]: y-axis coordinate Para1[1]: zoom ratio,0x01,0x31,0x51,0x00,0x00,0x15,0x00,0x00,0x2C,0x01,0x64,0x00,0x00,0x00,0x00,0x00,0x5B,0x14,01 31 51 00 00 15 00 00 2C 01 64 00 00 00 00 00 5B 14
Video output related,Electronic zoom-coordinates,Get,Electronic zoom-coordinates [Get]," BE AA 06 0000 2C 01 64 00 1552 F7 EB AA: Indicates that the center coordinates of the zoom are (0x012C, 0x0064), i.e. (300, 100), and the magnification is 0x15=21, i.e. 2.1 times. Note that this command is only used to obtain coordinate zoom information and has nothing to do with center zoom.",0x01,0x31,0x91,0x00,0x00,0x00,0x00,0x00,0x00,0x00,0x00,0x00,0X05,0x00,0x00,0x00,0xEB,0x83,01 31 91 00 00 00 00 00 00 00 00 00 05 00 00 00 EB 83
Image adjustment related instructions,Scene Mode,Setting - Low Temperature Protrusion,Scene Mode [Setting - Low Temperature Protrusion],,0x10,0x04,0x42,0x00,0x00,0x00,0x00,0x00,0x00,0x00,0x00,0x00,0x00,0x00,0x00,0x00,0xC5,0x65,10 04 42 00 00 00 00 00 00 00 00 00 00 00 00 00 C5 65
Image adjustment related instructions,Scene Mode,Settings - Linear Stretch,Scene Mode [Settings - Linear Stretch],,0x10,0x04,0x42,0x00,0x01,0x00,0x00,0x00,0x00,0x00,0x00,0x00,0x00,0x00,0x00,0x00,0xB0,0x66,10 04 42 00 01 00 00 00 00 00 00 00 00 00 00 00 B0 66
Image adjustment related instructions,Scene Mode,Settings - Low Contrast,Scene Mode [Settings - Low Contrast],,0x10,0x04,0x42,0x00,0x02,0x00,0x00,0x00,0x00,0x00,0x00,0x00,0x00,0x00,0x00,0x00,0x2F,0x63,10 04 42 00 02 00 00 00 00 00 00 00 00 00 00 00 2F 63
Image adjustment related instructions,Scene Mode,Settings - General Mode (Default),Scene Mode [Settings - General Mode (Default)],,0x10,0x04,0x42,0x00,0x03,0x00,0x00,0x00,0x00,0x00,0x00,0x00,0x00,0x00,0x00,0x00,0x5A,0x60,10 04 42 00 03 00 00 00 00 00 00 00 00 00 00 00 5A 60
Image adjustment related instructions,Scene Mode,Settings - High Contrast,Scene Mode [Settings - High Contrast],,0x10,0x04,0x42,0x00,0x04,0x00,0x00,0x00,0x00,0x00,0x00,0x00,0x00,0x00,0x00,0x00,0x11,0x68,10 04 42 00 04 00 00 00 00 00 00 00 00 00 00 00 11 68
Image adjustment related instructions,Scene Mode,Settings - Highlight,Scene Mode [Settings - Highlight],,0x10,0x04,0x42,0x00,0x05,0x00,0x00,0x00,0x00,0x00,0x00,0x00,0x00,0x00,0x00,0x00,0x64,0x6B,10 04 42 00 05 00 00 00 00 00 00 00 00 00 00 00 64 6B
Image adjustment related instructions,Scene Mode,Setting-Reserve 1,Scene Mode [Setting-Reserve 1],,0x10,0x04,0x42,0x00,0x06,0x00,0x00,0x00,0x00,0x00,0x00,0x00,0x00,0x00,0x00,0x00,0xFB,0x6E,10 04 42 00 06 00 00 00 00 00 00 00 00 00 00 00 FB 6E
Image adjustment related instructions,Scene Mode,Settings-Reserve 2,Scene Mode [Settings-Reserve 2],,0x10,0x04,0x42,0x00,0x07,0x00,0x00,0x00,0x00,0x00,0x00,0x00,0x00,0x00,0x00,0x00,0x8E,0x6D,10 04 42 00 07 00 00 00 00 00 00 00 00 00 00 00 8E 6D
Image adjustment related instructions,Scene Mode,Settings-Reserve 3,Scene Mode [Settings-Reserve 3],,0x10,0x04,0x42,0x00,0x08,0x00,0x00,0x00,0x00,0x00,0x00,0x00,0x00,0x00,0x00,0x00,0x6D,0x7E,10 04 42 00 08 00 00 00 00 00 00 00 00 00 00 00 6D 7E
Image adjustment related instructions,Scene Mode,Settings - Outline Mode,Scene Mode [Settings - Outline Mode],,0x10,0x04,0x42,0x00,0x09,0x00,0x00,0x00,0x00,0x00,0x00,0x00,0x00,0x00,0x00,0x00,0x18,0x7D,10 04 42 00 09 00 00 00 00 00 00 00 00 00 00 00 18 7D
Image adjustment related instructions,Scene Mode,Get,Scene Mode [Get],,0x10,0x04,0x89,0x00,0x01,0x00,0x00,0x00,0x00,0x00,0x00,0x00,0x01,0x00,0x00,0x00,0x0D,0x0A,10 04 89 00 01 00 00 00 00 00 00 00 01 00 00 00 0D 0A
Image adjustment related instructions,False Color,Settings - White Hot,False Color [Settings - White Hot],,0x10,0x03,0x45,0x00,0x00,0x00,0x00,0x00,0x00,0x00,0x00,0x00,0x00,0x00,0x00,0x00,0x54,0x6D,10 03 45 00 00 00 00 00 00 00 00 00 00 00 00 00 54 6D
Image adjustment related instructions,False Color,Set-reserved,False Color [Set-reserved],,0x10,0x03,0x45,0x00,0x00,0x01,0x00,0x00,0x00,0x00,0x00,0x00,0x00,0x00,0x00,0x00,0x1D,0xB5,10 03 45 00 00 01 00 00 00 00 00 00 00 00 00 00 1D B5
Image adjustment related instructions,False Color,Settings-Gold Sepia,False Color [Settings-Gold Sepia],,0x10,0x03,0x45,0x00,0x00,0x02,0x00,0x00,0x00,0x00,0x00,0x00,0x00,0x00,0x00,0x00,0xE7,0xCD,10 03 45 00 00 02 00 00 00 00 00 00 00 00 00 00 E7 CD
Image adjustment related instructions,False Color,Settings - Ironbow,False Color [Settings - Ironbow],,0x10,0x03,0x45,0x00,0x00,0x03,0x00,0x00,0x00,0x00,0x00,0x00,0x00,0x00,0x00,0x00,0xAE,0x15,10 03 45 00 00 03 00 00 00 00 00 00 00 00 00 00 AE 15
Image adjustment related instructions,False Color,Setting-Rainbow,False Color [Setting-Rainbow],,0x10,0x03,0x45,0x00,0x00,0x04,0x00,0x00,0x00,0x00,0x00,0x00,0x00,0x00,0x00,0x00,0x13,0x3C,10 03 45 00 00 04 00 00 00 00 00 00 00 00 00 00 13 3C
Image adjustment related instructions,False Color,Settings-Night,False Color [Settings-Night],,0x10,0x03,0x45,0x00,0x00,0x05,0x00,0x00,0x00,0x00,0x00,0x00,0x00,0x00,0x00,0x00,0x5A,0xE4,10 03 45 00 00 05 00 00 00 00 00 00 00 00 00 00 5A E4
Image adjustment related instructions,False Color,Settings - Aurora,False Color [Settings - Aurora],,0x10,0x03,0x45,0x00,0x00,0x06,0x00,0x00,0x00,0x00,0x00,0x00,0x00,0x00,0x00,0x00,0xA0,0x9C,10 03 45 00 00 06 00 00 00 00 00 00 00 00 00 00 A0 9C
Image adjustment related instructions,False Color,Settings - Red_Hot,False Color [Settings - Red_Hot],,0x10,0x03,0x45,0x00,0x00,0x07,0x00,0x00,0x00,0x00,0x00,0x00,0x00,0x00,0x00,0x00,0xE9,0x44,10 03 45 00 00 07 00 00 00 00 00 00 00 00 00 00 E9 44
Image adjustment related instructions,False Color,Setting-Jungle,False Color [Setting-Jungle],,0x10,0x03,0x45,0x00,0x00,0x08,0x00,0x00,0x00,0x00,0x00,0x00,0x00,0x00,0x00,0x00,0xDA,0xCF,10 03 45 00 00 08 00 00 00 00 00 00 00 00 00 00 DA CF
Image adjustment related instructions,False Color,Settings-Medical,False Color [Settings-Medical],,0x10,0x03,0x45,0x00,0x00,0x09,0x00,0x00,0x00,0x00,0x00,0x00,0x00,0x00,0x00,0x00,0x93,0x17,10 03 45 00 00 09 00 00 00 00 00 00 00 00 00 00 93 17
Image adjustment related instructions,False Color,Settings - Black_Hot,False Color [Settings - Black_Hot],,0x10,0x03,0x45,0x00,0x00,0x0A,0x00,0x00,0x00,0x00,0x00,0x00,0x00,0x00,0x00,0x00,0x69,0x6F,10 03 45 00 00 0A 00 00 00 00 00 00 00 00 00 00 69 6F
Image adjustment related instructions,False Color,Setting-Golden Red Glory_Hot,False Color [Setting-Golden Red Glory_Hot],,0x10,0x03,0x45,0x00,0x00,0x0B,0x00,0x00,0x00,0x00,0x00,0x00,0x00,0x00,0x00,0x00,0x20,0xB7,10 03 45 00 00 0B 00 00 00 00 00 00 00 00 00 00 20 B7
Image adjustment related instructions,False Color,Get,False Color [Get],,0x10,0x03,0x85,0x00,0x00,0x00,0x00,0x00,0x00,0x00,0x00,0x00,0x01,0x00,0x00,0x00,0x21,0x67,10 03 85 00 00 00 00 00 00 00 00 00 01 00 00 00 21 67
Image adjustment related instructions,Detail Enhancement,Setting - 0,Detail Enhancement [Setting - 0],,0x10,0x04,0x45,0x00,0x00,0x00,0x00,0x00,0x00,0x00,0x00,0x00,0x00,0x00,0x00,0x00,0xC3,0x15,10 04 45 00 00 00 00 00 00 00 00 00 00 00 00 00 C3 15
Image adjustment related instructions,Detail Enhancement,Settings - 10 levels,Detail Enhancement [Settings - 10 levels],,0x10,0x04,0x45,0x00,0x0A,0x00,0x00,0x00,0x00,0x00,0x00,0x00,0x00,0x00,0x00,0x00,0x81,0x08,10 04 45 00 0A 00 00 00 00 00 00 00 00 00 00 00 81 08
Image adjustment related instructions,Detail Enhancement,Settings - 20 levels,Detail Enhancement [Settings - 20 levels],,0x10,0x04,0x45,0x00,0x14,0x00,0x00,0x00,0x00,0x00,0x00,0x00,0x00,0x00,0x00,0x00,0x47,0x2F,10 04 45 00 14 00 00 00 00 00 00 00 00 00 00 00 47 2F
Image adjustment related instructions,Detail Enhancement,Setting - 30 levels,Detail Enhancement [Setting - 30 levels],,0x10,0x04,0x45,0x00,0x1E,0x00,0x00,0x00,0x00,0x00,0x00,0x00,0x00,0x00,0x00,0x00,0x05,0x32,10 04 45 00 1E 00 00 00 00 00 00 00 00 00 00 00 05 32
Image adjustment related instructions,Detail Enhancement,Settings - 40 levels,Detail Enhancement [Settings - 40 levels],,0x10,0x04,0x45,0x00,0x28,0x00,0x00,0x00,0x00,0x00,0x00,0x00,0x00,0x00,0x00,0x00,0xCB,0x60,10 04 45 00 28 00 00 00 00 00 00 00 00 00 00 00 CB 60
Image adjustment related instructions,Detail Enhancement,Setting - 50 levels,Detail Enhancement [Setting - 50 levels],,0x10,0x04,0x45,0x00,0x32,0x00,0x00,0x00,0x00,0x00,0x00,0x00,0x00,0x00,0x00,0x00,0xD9,0x4A,10 04 45 00 32 00 00 00 00 00 00 00 00 00 00 00 D9 4A
Image adjustment related instructions,Detail Enhancement,Setting - 60 levels,Detail Enhancement [Setting - 60 levels],,0x10,0x04,0x45,0x00,0x3C,0x00,0x00,0x00,0x00,0x00,0x00,0x00,0x00,0x00,0x00,0x00,0x4F,0x5A,10 04 45 00 3C 00 00 00 00 00 00 00 00 00 00 00 4F 5A
Image adjustment related instructions,Detail Enhancement,Setting - 70 levels,Detail Enhancement [Setting - 70 levels],,0x10,0x04,0x45,0x00,0x46,0x00,0x00,0x00,0x00,0x00,0x00,0x00,0x00,0x00,0x00,0x00,0xBD,0xC3,10 04 45 00 46 00 00 00 00 00 00 00 00 00 00 00 BD C3
Image adjustment related instructions,Detail Enhancement,Setting - 80,Detail Enhancement [Setting - 80],,0x10,0x04,0x45,0x00,0x50,0x00,0x00,0x00,0x00,0x00,0x00,0x00,0x00,0x00,0x00,0x00,0xD3,0xFF,10 04 45 00 50 00 00 00 00 00 00 00 00 00 00 00 D3 FF
Image adjustment related instructions,Detail Enhancement,Setting - 90 gears,Detail Enhancement [Setting - 90 gears],,0x10,0x04,0x45,0x00,0x5A,0x00,0x00,0x00,0x00,0x00,0x00,0x00,0x00,0x00,0x00,0x00,0x91,0xE2,10 04 45 00 5A 00 00 00 00 00 00 00 00 00 00 00 91 E2
Image adjustment related instructions,Detail Enhancement,Setting -100,Detail Enhancement [Setting -100],,0x10,0x04,0x45,0x00,0x64,0x00,0x00,0x00,0x00,0x00,0x00,0x00,0x00,0x00,0x00,0x00,0xF7,0xAB,10 04 45 00 64 00 00 00 00 00 00 00 00 00 00 00 F7 AB
Image adjustment related instructions,Detail Enhancement,Get,Detail Enhancement [Get],,0x10,0x04,0x85,0x00,0x01,0x00,0x00,0x00,0x00,0x00,0x00,0x00,0x01,0x00,0x00,0x00,0xC3,0x1C,10 04 85 00 01 00 00 00 00 00 00 00 01 00 00 00 C3 1C
Image adjustment related instructions,brightness,Setting - 0,brightness [Setting - 0],,0x10,0x04,0x47,0x00,0x00,0x00,0x00,0x00,0x00,0x00,0x00,0x00,0x00,0x00,0x00,0x00,0x01,0xE3,10 04 47 00 00 00 00 00 00 00 00 00 00 00 00 00 01 E3
Image adjustment related instructions,brightness,Settings - 10 levels,brightness [Settings - 10 levels],,0x10,0x04,0x47,0x00,0x0A,0x00,0x00,0x00,0x00,0x00,0x00,0x00,0x00,0x00,0x00,0x00,0x43,0xFE,10 04 47 00 0A 00 00 00 00 00 00 00 00 00 00 00 43 FE
Image adjustment related instructions,brightness,Settings - 20 levels,brightness [Settings - 20 levels],,0x10,0x04,0x47,0x00,0x14,0x00,0x00,0x00,0x00,0x00,0x00,0x00,0x00,0x00,0x00,0x00,0x85,0xD9,10 04 47 00 14 00 00 00 00 00 00 00 00 00 00 00 85 D9
Image adjustment related instructions,brightness,Setting - 30 levels,brightness [Setting - 30 levels],,0x10,0x04,0x47,0x00,0x1E,0x00,0x00,0x00,0x00,0x00,0x00,0x00,0x00,0x00,0x00,0x00,0xC7,0xC4,10 04 47 00 1E 00 00 00 00 00 00 00 00 00 00 00 C7 C4
Image adjustment related instructions,brightness,Settings - 40 levels,brightness [Settings - 40 levels],,0x10,0x04,0x47,0x00,0x28,0x00,0x00,0x00,0x00,0x00,0x00,0x00,0x00,0x00,0x00,0x00,0x09,0x96,10 04 47 00 28 00 00 00 00 00 00 00 00 00 00 00 09 96
Image adjustment related instructions,brightness,Setting - 50 levels,brightness [Setting - 50 levels],,0x10,0x04,0x47,0x00,0x32,0x00,0x00,0x00,0x00,0x00,0x00,0x00,0x00,0x00,0x00,0x00,0x1B,0xBC,10 04 47 00 32 00 00 00 00 00 00 00 00 00 00 00 1B BC
Image adjustment related instructions,brightness,Setting - 60 levels,brightness [Setting - 60 levels],,0x10,0x04,0x47,0x00,0x3C,0x00,0x00,0x00,0x00,0x00,0x00,0x00,0x00,0x00,0x00,0x00,0x8D,0xAC,10 04 47 00 3C 00 00 00 00 00 00 00 00 00 00 00 8D AC
Image adjustment related instructions,brightness,Setting - 70 levels,brightness [Setting - 70 levels],,0x10,0x04,0x47,0x00,0x46,0x00,0x00,0x00,0x00,0x00,0x00,0x00,0x00,0x00,0x00,0x00,0x7F,0x35,10 04 47 00 46 00 00 00 00 00 00 00 00 00 00 00 7F 35
Image adjustment related instructions,brightness,Setting - 80,brightness [Setting - 80],,0x10,0x04,0x47,0x00,0x50,0x00,0x00,0x00,0x00,0x00,0x00,0x00,0x00,0x00,0x00,0x00,0x11,0x09,10 04 47 00 50 00 00 00 00 00 00 00 00 00 00 00 11 09
Image adjustment related instructions,brightness,Setting - 90 gears,brightness [Setting - 90 gears],,0x10,0x04,0x47,0x00,0x5A,0x00,0x00,0x00,0x00,0x00,0x00,0x00,0x00,0x00,0x00,0x00,0x53,0x14,10 04 47 00 5A 00 00 00 00 00 00 00 00 00 00 00 53 14
Image adjustment related instructions,brightness,Setting -100,brightness [Setting -100],,0x10,0x04,0x47,0x00,0x64,0x00,0x00,0x00,0x00,0x00,0x00,0x00,0x00,0x00,0x00,0x00,0x35,0x5D,10 04 47 00 64 00 00 00 00 00 00 00 00 00 00 00 35 5D
Image adjustment related instructions,brightness,Get,brightness [Get],,0x10,0x04,0x87,0x00,0x01,0x00,0x00,0x00,0x00,0x00,0x00,0x00,0x01,0x00,0x00,0x00,0x01,0xEA,10 04 87 00 01 00 00 00 00 00 00 00 01 00 00 00 01 EA
Image adjustment related instructions,Contrast,Setting - 0,Contrast [Setting - 0],,0x10,0x04,0x4A,0x00,0x00,0x00,0x00,0x00,0x00,0x00,0x00,0x00,0x00,0x00,0x00,0x00,0xAE,0x8E,10 04 4A 00 00 00 00 00 00 00 00 00 00 00 00 00 AE 8E
Image adjustment related instructions,Contrast,Settings - 10 levels,Contrast [Settings - 10 levels],,0x10,0x04,0x4A,0x00,0x0A,0x00,0x00,0x00,0x00,0x00,0x00,0x00,0x00,0x00,0x00,0x00,0xEC,0x93,10 04 4A 00 0A 00 00 00 00 00 00 00 00 00 00 00 EC 93
Image adjustment related instructions,Contrast,Settings - 20 levels,Contrast [Settings - 20 levels],,0x10,0x04,0x4A,0x00,0x14,0x00,0x00,0x00,0x00,0x00,0x00,0x00,0x00,0x00,0x00,0x00,0x2A,0xB4,10 04 4A 00 14 00 00 00 00 00 00 00 00 00 00 00 2A B4
Image adjustment related instructions,Contrast,Setting - 30 levels,Contrast [Setting - 30 levels],,0x10,0x04,0x4A,0x00,0x1E,0x00,0x00,0x00,0x00,0x00,0x00,0x00,0x00,0x00,0x00,0x00,0x68,0xA9,10 04 4A 00 1E 00 00 00 00 00 00 00 00 00 00 00 68 A9
Image adjustment related instructions,Contrast,Settings - 40 levels,Contrast [Settings - 40 levels],,0x10,0x04,0x4A,0x00,0x28,0x00,0x00,0x00,0x00,0x00,0x00,0x00,0x00,0x00,0x00,0x00,0xA6,0xFB,10 04 4A 00 28 00 00 00 00 00 00 00 00 00 00 00 A6 FB
Image adjustment related instructions,Contrast,Setting - 50 levels,Contrast [Setting - 50 levels],,0x10,0x04,0x4A,0x00,0x32,0x00,0x00,0x00,0x00,0x00,0x00,0x00,0x00,0x00,0x00,0x00,0xB4,0xD1,10 04 4A 00 32 00 00 00 00 00 00 00 00 00 00 00 B4 D1
Image adjustment related instructions,Contrast,Setting - 60 levels,Contrast [Setting - 60 levels],,0x10,0x04,0x4A,0x00,0x3C,0x00,0x00,0x00,0x00,0x00,0x00,0x00,0x00,0x00,0x00,0x00,0x22,0xC1,10 04 4A 00 3C 00 00 00 00 00 00 00 00 00 00 00 22 C1
Image adjustment related instructions,Contrast,Setting - 70 levels,Contrast [Setting - 70 levels],,0x10,0x04,0x4A,0x00,0x46,0x00,0x00,0x00,0x00,0x00,0x00,0x00,0x00,0x00,0x00,0x00,0xD0,0x58,10 04 4A 00 46 00 00 00 00 00 00 00 00 00 00 00 D0 58
Image adjustment related instructions,Contrast,Setting - 80,Contrast [Setting - 80],,0x10,0x04,0x4A,0x00,0x50,0x00,0x00,0x00,0x00,0x00,0x00,0x00,0x00,0x00,0x00,0x00,0xBE,0x64,10 04 4A 00 50 00 00 00 00 00 00 00 00 00 00 00 BE 64
Image adjustment related instructions,Contrast,Setting - 90 gears,Contrast [Setting - 90 gears],,0x10,0x04,0x4A,0x00,0x5A,0x00,0x00,0x00,0x00,0x00,0x00,0x00,0x00,0x00,0x00,0x00,0xFC,0x79,10 04 4A 00 5A 00 00 00 00 00 00 00 00 00 00 00 FC 79
Image adjustment related instructions,Contrast,Setting -100,Contrast [Setting -100],,0x10,0x04,0x4A,0x00,0x64,0x00,0x00,0x00,0x00,0x00,0x00,0x00,0x00,0x00,0x00,0x00,0x9A,0x30,10 04 4A 00 64 00 00 00 00 00 00 00 00 00 00 00 9A 30
Image adjustment related instructions,Contrast,Get,Contrast [Get],,0x10,0x04,0x8A,0x00,0x01,0x00,0x00,0x00,0x00,0x00,0x00,0x00,0x01,0x00,0x00,0x00,0xAE,0x87,10 04 8A 00 01 00 00 00 00 00 00 00 01 00 00 00 AE 87
Image adjustment related instructions,Airspace Noise Reduction,Setting - 0,Airspace Noise Reduction [Setting - 0],,0x10,0x04,0x4B,0x00,0x00,0x00,0x00,0x00,0x00,0x00,0x00,0x00,0x00,0x00,0x00,0x00,0xCF,0xF5,10 04 4B 00 00 00 00 00 00 00 00 00 00 00 00 00 CF F5
Image adjustment related instructions,Airspace Noise Reduction,Settings - 10 levels,Airspace Noise Reduction [Settings - 10 levels],,0x10,0x04,0x4B,0x00,0x0A,0x00,0x00,0x00,0x00,0x00,0x00,0x00,0x00,0x00,0x00,0x00,0x8D,0xE8,10 04 4B 00 0A 00 00 00 00 00 00 00 00 00 00 00 8D E8
Image adjustment related instructions,Airspace Noise Reduction,Settings - 20 levels,Airspace Noise Reduction [Settings - 20 levels],,0x10,0x04,0x4B,0x00,0x14,0x00,0x00,0x00,0x00,0x00,0x00,0x00,0x00,0x00,0x00,0x00,0x4B,0xCF,10 04 4B 00 14 00 00 00 00 00 00 00 00 00 00 00 4B CF
Image adjustment related instructions,Airspace Noise Reduction,Setting - 30 levels,Airspace Noise Reduction [Setting - 30 levels],,0x10,0x04,0x4B,0x00,0x1E,0x00,0x00,0x00,0x00,0x00,0x00,0x00,0x00,0x00,0x00,0x00,0x09,0xD2,10 04 4B 00 1E 00 00 00 00 00 00 00 00 00 00 00 09 D2
Image adjustment related instructions,Airspace Noise Reduction,Settings - 40 levels,Airspace Noise Reduction [Settings - 40 levels],,0x10,0x04,0x4B,0x00,0x28,0x00,0x00,0x00,0x00,0x00,0x00,0x00,0x00,0x00,0x00,0x00,0xC7,0x80,10 04 4B 00 28 00 00 00 00 00 00 00 00 00 00 00 C7 80
Image adjustment related instructions,Airspace Noise Reduction,Setting - 50 levels,Airspace Noise Reduction [Setting - 50 levels],,0x10,0x04,0x4B,0x00,0x32,0x00,0x00,0x00,0x00,0x00,0x00,0x00,0x00,0x00,0x00,0x00,0xD5,0xAA,10 04 4B 00 32 00 00 00 00 00 00 00 00 00 00 00 D5 AA
Image adjustment related instructions,Airspace Noise Reduction,Setting - 60 levels,Airspace Noise Reduction [Setting - 60 levels],,0x10,0x04,0x4B,0x00,0x3C,0x00,0x00,0x00,0x00,0x00,0x00,0x00,0x00,0x00,0x00,0x00,0x43,0xBA,10 04 4B 00 3C 00 00 00 00 00 00 00 00 00 00 00 43 BA
Image adjustment related instructions,Airspace Noise Reduction,Setting - 70 levels,Airspace Noise Reduction [Setting - 70 levels],,0x10,0x04,0x4B,0x00,0x46,0x00,0x00,0x00,0x00,0x00,0x00,0x00,0x00,0x00,0x00,0x00,0xB1,0x23,10 04 4B 00 46 00 00 00 00 00 00 00 00 00 00 00 B1 23
Image adjustment related instructions,Airspace Noise Reduction,Setting - 80,Airspace Noise Reduction [Setting - 80],,0x10,0x04,0x4B,0x00,0x50,0x00,0x00,0x00,0x00,0x00,0x00,0x00,0x00,0x00,0x00,0x00,0xDF,0x1F,10 04 4B 00 50 00 00 00 00 00 00 00 00 00 00 00 DF 1F
Image adjustment related instructions,Airspace Noise Reduction,Setting - 90 gears,Airspace Noise Reduction [Setting - 90 gears],,0x10,0x04,0x4B,0x00,0x5A,0x00,0x00,0x00,0x00,0x00,0x00,0x00,0x00,0x00,0x00,0x00,0x9D,0x02,10 04 4B 00 5A 00 00 00 00 00 00 00 00 00 00 00 9D 02
Image adjustment related instructions,Airspace Noise Reduction,Setting -100,Airspace Noise Reduction [Setting -100],,0x10,0x04,0x4B,0x00,0x64,0x00,0x00,0x00,0x00,0x00,0x00,0x00,0x00,0x00,0x00,0x00,0xFB,0x4B,10 04 4B 00 64 00 00 00 00 00 00 00 00 00 00 00 FB 4B
Image adjustment related instructions,Airspace Noise Reduction,Get,Airspace Noise Reduction [Get],,0x10,0x04,0x8B,0x00,0x01,0x00,0x00,0x00,0x00,0x00,0x00,0x00,0x01,0x00,0x00,0x00,0xCF,0xFC,10 04 8B 00 01 00 00 00 00 00 00 00 01 00 00 00 CF FC
Image adjustment related instructions,Temporal noise reduction,Setting - 0,Temporal noise reduction [Setting - 0],,0x10,0x04,0x4C,0x00,0x00,0x00,0x00,0x00,0x00,0x00,0x00,0x00,0x00,0x00,0x00,0x00,0xC9,0x85,10 04 4C 00 00 00 00 00 00 00 00 00 00 00 00 00 C9 85
Image adjustment related instructions,Temporal noise reduction,Settings - 10 levels,Temporal noise reduction [Settings - 10 levels],,0x10,0x04,0x4C,0x00,0x0A,0x00,0x00,0x00,0x00,0x00,0x00,0x00,0x00,0x00,0x00,0x00,0x8B,0x98,10 04 4C 00 0A 00 00 00 00 00 00 00 00 00 00 00 8B 98
Image adjustment related instructions,Temporal noise reduction,Settings - 20 levels,Temporal noise reduction [Settings - 20 levels],,0x10,0x04,0x4C,0x00,0x14,0x00,0x00,0x00,0x00,0x00,0x00,0x00,0x00,0x00,0x00,0x00,0x4D,0xBF,10 04 4C 00 14 00 00 00 00 00 00 00 00 00 00 00 4D BF
Image adjustment related instructions,Temporal noise reduction,Setting - 30 levels,Temporal noise reduction [Setting - 30 levels],,0x10,0x04,0x4C,0x00,0x1E,0x00,0x00,0x00,0x00,0x00,0x00,0x00,0x00,0x00,0x00,0x00,0x0F,0xA2,10 04 4C 00 1E 00 00 00 00 00 00 00 00 00 00 00 0F A2
Image adjustment related instructions,Temporal noise reduction,Settings - 40 levels,Temporal noise reduction [Settings - 40 levels],,0x10,0x04,0x4C,0x00,0x28,0x00,0x00,0x00,0x00,0x00,0x00,0x00,0x00,0x00,0x00,0x00,0xC1,0xF0,10 04 4C 00 28 00 00 00 00 00 00 00 00 00 00 00 C1 F0
Image adjustment related instructions,Temporal noise reduction,Setting - 50 levels,Temporal noise reduction [Setting - 50 levels],,0x10,0x04,0x4C,0x00,0x32,0x00,0x00,0x00,0x00,0x00,0x00,0x00,0x00,0x00,0x00,0x00,0xD3,0xDA,10 04 4C 00 32 00 00 00 00 00 00 00 00 00 00 00 D3 DA
Image adjustment related instructions,Temporal noise reduction,Setting - 60 levels,Temporal noise reduction [Setting - 60 levels],,0x10,0x04,0x4C,0x00,0x3C,0x00,0x00,0x00,0x00,0x00,0x00,0x00,0x00,0x00,0x00,0x00,0x45,0xCA,10 04 4C 00 3C 00 00 00 00 00 00 00 00 00 00 00 45 CA
Image adjustment related instructions,Temporal noise reduction,Setting - 70 levels,Temporal noise reduction [Setting - 70 levels],,0x10,0x04,0x4C,0x00,0x46,0x00,0x00,0x00,0x00,0x00,0x00,0x00,0x00,0x00,0x00,0x00,0xB7,0x53,10 04 4C 00 46 00 00 00 00 00 00 00 00 00 00 00 B7 53
Image adjustment related instructions,Temporal noise reduction,Setting - 80,Temporal noise reduction [Setting - 80],,0x10,0x04,0x4C,0x00,0x50,0x00,0x00,0x00,0x00,0x00,0x00,0x00,0x00,0x00,0x00,0x00,0xD9,0x6F,10 04 4C 00 50 00 00 00 00 00 00 00 00 00 00 00 D9 6F
Image adjustment related instructions,Temporal noise reduction,Setting - 90 gears,Temporal noise reduction [Setting - 90 gears],,0x10,0x04,0x4C,0x00,0x5A,0x00,0x00,0x00,0x00,0x00,0x00,0x00,0x00,0x00,0x00,0x00,0x9B,0x72,10 04 4C 00 5A 00 00 00 00 00 00 00 00 00 00 00 9B 72
Image adjustment related instructions,Temporal noise reduction,Setting -100,Temporal noise reduction [Setting -100],,0x10,0x04,0x4C,0x00,0x64,0x00,0x00,0x00,0x00,0x00,0x00,0x00,0x00,0x00,0x00,0x00,0xFD,0x3B,10 04 4C 00 64 00 00 00 00 00 00 00 00 00 00 00 FD 3B
Image adjustment related instructions,Temporal noise reduction,Get,Temporal noise reduction [Get],,0x10,0x04,0x8C,0x00,0x01,0x00,0x00,0x00,0x00,0x00,0x00,0x00,0x01,0x00,0x00,0x00,0xC9,0x8C,10 04 8C 00 01 00 00 00 00 00 00 00 01 00 00 00 C9 8C
Image adjustment related instructions,Gamma intensity,Setting - 0,Gamma intensity [Setting - 0],,0x10,0x04,0x4D,0x00,0x00,0x00,0x00,0x00,0x00,0x00,0x00,0x00,0x00,0x00,0x00,0x00,0xA8,0xFE,10 04 4D 00 00 00 00 00 00 00 00 00 00 00 00 00 A8 FE
Image adjustment related instructions,Gamma intensity,Settings - 10 levels,Gamma intensity [Settings - 10 levels],,0x10,0x04,0x4D,0x00,0x0A,0x00,0x00,0x00,0x00,0x00,0x00,0x00,0x00,0x00,0x00,0x00,0xEA,0xE3,10 04 4D 00 0A 00 00 00 00 00 00 00 00 00 00 00 EA E3
Image adjustment related instructions,Gamma intensity,Settings - 20 levels,Gamma intensity [Settings - 20 levels],,0x10,0x04,0x4D,0x00,0x14,0x00,0x00,0x00,0x00,0x00,0x00,0x00,0x00,0x00,0x00,0x00,0x2C,0xC4,10 04 4D 00 14 00 00 00 00 00 00 00 00 00 00 00 2C C4
Image adjustment related instructions,Gamma intensity,Setting - 30 levels,Gamma intensity [Setting - 30 levels],,0x10,0x04,0x4D,0x00,0x1E,0x00,0x00,0x00,0x00,0x00,0x00,0x00,0x00,0x00,0x00,0x00,0x6E,0xD9,10 04 4D 00 1E 00 00 00 00 00 00 00 00 00 00 00 6E D9
Image adjustment related instructions,Gamma intensity,Settings - 40 levels,Gamma intensity [Settings - 40 levels],,0x10,0x04,0x4D,0x00,0x28,0x00,0x00,0x00,0x00,0x00,0x00,0x00,0x00,0x00,0x00,0x00,0xA0,0x8B,10 04 4D 00 28 00 00 00 00 00 00 00 00 00 00 00 A0 8B
Image adjustment related instructions,Gamma intensity,Setting - 50 levels,Gamma intensity [Setting - 50 levels],,0x10,0x04,0x4D,0x00,0x32,0x00,0x00,0x00,0x00,0x00,0x00,0x00,0x00,0x00,0x00,0x00,0xB2,0xA1,10 04 4D 00 32 00 00 00 00 00 00 00 00 00 00 00 B2 A1
Image adjustment related instructions,Gamma intensity,Setting - 60 levels,Gamma intensity [Setting - 60 levels],,0x10,0x04,0x4D,0x00,0x3C,0x00,0x00,0x00,0x00,0x00,0x00,0x00,0x00,0x00,0x00,0x00,0x24,0xB1,10 04 4D 00 3C 00 00 00 00 00 00 00 00 00 00 00 24 B1
Image adjustment related instructions,Gamma intensity,Setting - 70 levels,Gamma intensity [Setting - 70 levels],,0x10,0x04,0x4D,0x00,0x46,0x00,0x00,0x00,0x00,0x00,0x00,0x00,0x00,0x00,0x00,0x00,0xD6,0x28,10 04 4D 00 46 00 00 00 00 00 00 00 00 00 00 00 D6 28
Image adjustment related instructions,Gamma intensity,Setting - 80,Gamma intensity [Setting - 80],,0x10,0x04,0x4D,0x00,0x50,0x00,0x00,0x00,0x00,0x00,0x00,0x00,0x00,0x00,0x00,0x00,0xB8,0x14,10 04 4D 00 50 00 00 00 00 00 00 00 00 00 00 00 B8 14
Image adjustment related instructions,Gamma intensity,Setting - 90 gears,Gamma intensity [Setting - 90 gears],,0x10,0x04,0x4D,0x00,0x5A,0x00,0x00,0x00,0x00,0x00,0x00,0x00,0x00,0x00,0x00,0x00,0xFA,0x09,10 04 4D 00 5A 00 00 00 00 00 00 00 00 00 00 00 FA 09
Image adjustment related instructions,Gamma intensity,Setting -100,Gamma intensity [Setting -100],,0x10,0x04,0x4D,0x00,0x64,0x00,0x00,0x00,0x00,0x00,0x00,0x00,0x00,0x00,0x00,0x00,0x9C,0x40,10 04 4D 00 64 00 00 00 00 00 00 00 00 00 00 00 9C 40
Image adjustment related instructions,Gamma intensity,Get,Gamma intensity [Get],,0x10,0x04,0x8D,0x00,0x01,0x00,0x00,0x00,0x00,0x00,0x00,0x00,0x01,0x00,0x00,0x00,0xA8,0xF7,10 04 8D 00 01 00 00 00 00 00 00 00 01 00 00 00 A8 F7
Image Outline,Hook edge position,Setting - 0,Hook edge position [Setting - 0],,0x10,0x04,0x4E,0x00,0x00,0x00,0x00,0x00,0x00,0x00,0x00,0x00,0x00,0x00,0x00,0x00,0x0b,0x73,10 04 4E 00 00 00 00 00 00 00 00 00 00 00 00 00 0b 73
Image Outline,Hook edge position,Setting - 1st gear,Hook edge position [Setting - 1st gear],,0x10,0x04,0x4E,0x00,0x01,0x00,0x00,0x00,0x00,0x00,0x00,0x00,0x00,0x00,0x00,0x00,0x7e,0x70,10 04 4E 00 01 00 00 00 00 00 00 00 00 00 00 00 7e 70
Image Outline,Hook edge position,Setting - 2 levels,Hook edge position [Setting - 2 levels],,0x10,0x04,0x4E,0x00,0x02,0x00,0x00,0x00,0x00,0x00,0x00,0x00,0x00,0x00,0x00,0x00,0xe1,0x75,10 04 4E 00 02 00 00 00 00 00 00 00 00 00 00 00 e1 75
Image Outline,Hook edge position,Get,Hook edge position [Get],,0x10,0x04,0x8E,0x00,0x01,0x00,0x00,0x00,0x00,0x00,0x00,0x00,0x01,0x00,0x00,0x00,0x7e,0x79,10 04 8E 00 01 00 00 00 00 00 00 00 01 00 00 00 7e 79
